,Peptide Sequence,Molecular Formula,Ex. Hydrogens,Light Molecular Formula,Heavy C,Heavy H,Heavy N,Theoretical_Deuteration_%,Wasserstein Distance,Optimized H Abundance,Optimized N Abundance,Optimized C Abundance,Mass_Spec_Deuteration_%,Difference
4,GVLYVGSKTKE,C53H89N13O17,21,H21O17,53,68,13,95.96607943634905,0.05230924105402226,0.961402339336072,0.9924806461322898,0.9923345204192225,96.1402339336072,-0.1741544972581579
5,GVVHGVATVAE,C45H75N13O15,17,H17O15,45,58,13,96.23729655827385,0.0951574030581396,0.9647571518770583,0.9940472062370899,0.9946334451599874,96.47571518770583,-0.23841862943197611
7,QVTNVGGAVVTGVTAVAQKTVE,C91H158N26O32,37,H37O32,91,121,26,96.35456426188566,0.16595171614522633,0.9635664904035377,0.9983381112419527,0.9968275699600573,96.35664904035377,-0.0020847784681166104
8,GAGSIAAATGFVKKD,C61H101N17O20,24,H24O20,61,77,17,95.86225300382789,0.32637124961345254,0.9594826203523067,0.9921010081106331,0.9919423763989649,95.94826203523067,-0.08600903140278149
16,GVLYVGSKTKEGVVHGVATVAE,C98H162N26O31,36,H36O31,98,126,26,96.10168799731144,0.3037231009295545,0.9649529134831755,0.9940266464256179,0.9941167414376494,96.49529134831755,-0.39360335100610655
