Peptide Sequence,Wasserstein Distance,Heavy H (%),Heavy N (%),Heavy C (%)
EGVVAAAEK,0.17315902792704102,94.22027531293193,99.04285977878116,99.04244899789315
MDVFMK,0.22245617438988163,94.86775576700474,99.15588605425212,99.15529899875995
EQVTNVGGAVVTGVTAVAQK,0.22474025190103986,94.61547394116123,99.186734264677,99.16727699891425
EGVLYVGSK,0.23315047940686548,93.80123663844982,98.90721912868896,98.90958572631828
EGVVHGVATVAEK,0.242845722468098,95.06192458769875,99.22350470992244,99.21692854944115
TVEGAGSIAAATGFVK,0.2508580026467285,94.11781327349156,99.02204815288846,99.02140097005653
TKEGVVHGVATVAEK,0.2635213509163755,95.06374650481949,99.20274814598984,99.19962788653743
EGVVHGVATVAEKTK,0.2635213509163755,95.06374650481949,99.20274814598984,99.19962788653743
TKEQVTNVGGAVVTGVTAVAQK,0.2839868792750711,94.52708332873239,99.11862749414176,99.11653920470836
QGVAEAAGK,0.30926020839027807,94.8971087554703,99.13632676243746,99.13404364509579
AKEGVVAAAEK,0.3152548780382673,94.0,99.0,99.0
TKQGVAEAAGK,0.42049971763377497,95.62229513173276,99.27649945368375,99.27124480229183
QGVAEAAGKTK,0.42049971763377497,95.62229513173276,99.27649945368375,99.27124480229183
TKEGVLYVGSK,0.4649782000785278,95.58352373086949,99.29096352084812,99.29426589952992
EGVLYVGSKTK,0.4649782000785278,95.58352373086949,99.29096352084812,99.29426589952992
KDQLGK,0.6537637800558413,96.15206852932641,99.34302818159875,99.36847023257626
DQLGK,0.8536895990940663,92.70276114721032,98.33590372645496,98.44869653853775
TVEGAGSIAAATGFVKK,1.159751024246282,90.0,99.9,99.9
MDVFMKGLSK,100.0,94.0,99.0,99.0
GLSKAK,100.0,94.0,99.0,99.0
EGVVAAAEKTK,100.0,94.0,99.0,99.0
