,Peptide Sequence,Molecular Formula,Ex. Hydrogens,Light Molecular Formula,Heavy C,Heavy H,Heavy N,Theoretical_Deuteration_%,Wasserstein Distance,Optimized H Abundance,Optimized N Abundance,Optimized C Abundance,Mass_Spec_Deuteration_%,Difference
1,EGVVAAAEK,C37H64N10O14,15,H15O14,37,49,10,96.63836773923073,0.08351659577732103,0.9710297720692632,0.9939661433212631,0.9941985549689752,97.10297720692633,-0.4646094676955954
3,EGVLYVGSK,C43H70N10O14,16,H16O14,43,54,10,95.79391490437558,0.05917700755250621,0.9605450498942472,0.9924871173577036,0.9924881775051874,96.05450498942471,-0.26059008504913095
4,EGVVHGVATVAEK,C56H94N16O19,22,H22O19,56,72,16,96.45671934607243,0.09583688808502502,0.9619822104507402,0.9927850026745206,0.9927254740246899,96.19822104507402,0.2584983009984114
5,EQVTNVGGAVVTGVTAVAQK,C82H142N24O29,34,H34O29,82,108,24,96.31302680190427,0.265529276823554,0.9645507439162126,0.9989999304253243,0.9920319526810228,96.45507439162127,-0.14204758971699505
6,TVEGAGSIAAATGFVK,C65H107N17O22,24,H24O22,65,83,17,95.86679716567119,0.10129532699964655,0.9618832796198626,0.9930043878816632,0.9929903640706443,96.18832796198626,-0.32153079631507353
