Peptide Sequence,Wasserstein Distance,Heavy H (%),Heavy N (%),Heavy C (%)
MDVFMK,0.286638146048716,94.27102355560535,99.04130712690744,99.04135095996949
EGVLYVGSK,0.29119189440090376,93.46439310531458,98.74229435823383,98.71970414963461
EGVVHGVATVAEK,0.30864724384418885,94.87365849321226,99.13406254758567,99.13396050082041
EGVVAAAEK,0.37414348532933145,93.90425613119523,98.95212806559762,98.95212806559762
QGVAEAAGK,0.37778873063133345,94.66778495886355,99.06735971929949,99.10437801866448
TKQGVAEAAGK,0.41005886049583207,95.42368958302573,99.21282681125189,99.20911505812046
QGVAEAAGKTK,0.41005886049583207,95.42368958302573,99.21282681125189,99.20911505812046
TVEGAGSIAAATGFVK,0.43594307816215744,93.3101142479359,98.66069401925756,98.64894762663653
TKEGVLYVGSK,0.45827562053654,95.65446431780074,99.25880197147268,99.25897585053734
EGVLYVGSKTK,0.45827562053654,95.65446431780074,99.25880197147268,99.25897585053734
AKEGVVAAAEK,0.4707009950298172,94.56988656548515,99.08664645105773,99.0850675173279
EQVTNVGGAVVTGVTAVAQK,0.6234467263646319,94.13120966500135,99.02028837319858,99.01990551862687
KDQLGK,0.6583222746785486,96.19636858307152,99.27622562038461,99.29872092400738
DQLGK,0.7596128380646543,95.04237557996747,99.09585411469996,99.10487288423452
TKEQVTNVGGAVVTGVTAVAQK,0.77032009962128,94.03075333224055,99.00639822673566,99.00419927561039
TKEGVVHGVATVAEK,1.1711717598833133,93.79241634986774,98.89620817493386,98.89620817493386
EGVVHGVATVAEKTK,1.1711717598833133,93.79241634986774,98.89620817493386,98.89620817493386
TVEGAGSIAAATGFVKK,1.2640676819120527,90.61319042853303,97.31169274877743,97.30542821916048
EGVVAAAEKTK,6.800391037730417,90.0,97.0,97.0
MDVFMKGLSK,100.0,94.0,99.0,99.0
GLSKAK,100.0,94.0,99.0,99.0
